{
    "balance": 10.019617673733821,
    "available_balance": 10.019617673733821,
    "winrate": 0,
    "orders": {
        "-1001669794334": {},
        "-1001853603830": {},
        "-1001165905101": {},
        "-1001508751799": {},
        "-1001231491534": {},
        "-1001591264082": {},
        "-1002092636822": {},
        "-1001269133096": {},
        "-1001989828866": {},
        "-1001590683360": {},
        "-1001483531739": {},
        "-1001700967192": {},
        "-1001941685399": {},
        "-1001975275597": {},
        "-1001931431148": {},
        "-1001630692598": {},
        "-1001822664850": {},
        "-1001713610894": {},
        "-1001939888914": {},
        "-1001534917501": {},
        "-1001950123216": {},
        "-1001956005396": {},
        "-1001665166728": {},
        "-1001562893808": {},
        "-1001685986272": {},
        "-1001610165996": {},
        "-1001942108687": {},
        "-1002827293103": {}
    }
}